krishna,Ravi,+919822327692,Success,,2025-10-24 22:31:19
krishna,Priya,+919123456789,Success,,2025-10-24 22:31:58
krishna,Amit,+91919876543210,Success,,2025-10-24 22:32:37
krishna,Sonal,+919876543210,Success,,2025-10-24 22:33:16
krishna,Manoj,+91919876543210,Success,,2025-10-24 22:33:56
krishna,Neha,+919876543210,Success,,2025-10-24 22:34:35
krishna,Ramesh,+919876543210,Success,,2025-10-24 22:35:14
krishna,Sheetal,+9112345,Success,,2025-10-24 22:35:53
admin,Ravi,+919822327692,Success,,2025-10-24 23:45:29
admin,Priya,+919123456789,Success,,2025-10-24 23:45:55
admin,Amit,+91919876543210,Success,,2025-10-24 23:46:21
admin,Sonal,+919876543210,Success,,2025-10-24 23:46:47
admin,Manoj,+91919876543210,Success,,2025-10-24 23:47:14
admin,Neha,+919876543210,Success,,2025-10-24 23:47:40
admin,Ramesh,+919876543210,Success,,2025-10-24 23:48:06
admin,Sheetal,+9112345,Success,,2025-10-24 23:48:32
krishna,Ravi,+919822327692,Success,,2025-10-25 00:07:17
krishna,Priya,+919123456789,Success,,2025-10-25 00:07:53
krishna,Amit,+91919876543210,Success,,2025-10-25 00:08:29
krishna,Sonal,+919876543210,Success,,2025-10-25 00:09:06
krishna,Manoj,+91919876543210,Success,,2025-10-25 00:09:42
krishna,Neha,+919876543210,Success,,2025-10-25 00:10:18
krishna,Ramesh,+919876543210,Success,,2025-10-25 00:10:54
krishna,Sheetal,+9112345,Success,,2025-10-25 00:11:30
